Date,Interest Rate,Inflation Rate,Unemployment Rate,GDP Growth
1946-01-01,,,,
1946-04-01,,,,
1946-07-01,,,,
1946-10-01,,,,
1947-01-01,,21.48,,243.164
1947-02-01,,21.62,,
1947-03-01,,22.0,,
1947-04-01,,22.0,,245.968
1947-05-01,,21.95,,
1947-06-01,,22.08,,
1947-07-01,,22.23,,249.585
1947-08-01,,22.4,,
1947-09-01,,22.84,,
1947-10-01,,22.91,,259.745
1947-11-01,,23.06,,
1947-12-01,,23.41,,
1948-01-01,,23.68,3.4,265.742
1948-02-01,,23.67,3.8,
1948-03-01,,23.5,4.0,
1948-04-01,,23.82,3.9,272.567
1948-05-01,,24.01,3.5,
1948-06-01,,24.15,3.6,
1948-07-01,,24.4,3.6,279.196
1948-08-01,,24.43,3.9,
1948-09-01,,24.36,3.8,
1948-10-01,,24.31,3.7,280.366
1948-11-01,,24.16,3.8,
1948-12-01,,24.05,4.0,
1949-01-01,,24.01,4.3,275.034
1949-02-01,,23.91,4.7,
1949-03-01,,23.91,5.0,
1949-04-01,,23.92,5.3,271.351
1949-05-01,,23.91,6.1,
1949-06-01,,23.92,6.2,
1949-07-01,,23.7,6.7,272.889
1949-08-01,,23.7,6.8,
1949-09-01,,23.75,6.6,
1949-10-01,,23.67,7.9,270.627
1949-11-01,,23.7,6.4,
1949-12-01,,23.61,6.6,
1950-01-01,,23.51,6.5,280.828
1950-02-01,,23.61,6.4,
1950-03-01,,23.64,6.3,
1950-04-01,,23.65,5.8,290.383
1950-05-01,,23.77,5.5,
1950-06-01,,23.88,5.4,
1950-07-01,,24.07,5.0,308.153
1950-08-01,,24.2,4.5,
1950-09-01,,24.34,4.4,
1950-10-01,,24.5,4.2,319.945
1950-11-01,,24.6,4.2,
1950-12-01,,24.98,4.3,
1951-01-01,,25.38,3.7,336.0
1951-02-01,,25.83,3.4,
1951-03-01,,25.88,3.4,
1951-04-01,,25.92,3.1,344.09
1951-05-01,,25.99,3.0,
1951-06-01,,25.93,3.2,
1951-07-01,,25.91,3.1,351.385
1951-08-01,,25.86,3.1,
1951-09-01,,26.03,3.3,
1951-10-01,,26.16,3.5,356.178
1951-11-01,,26.32,3.5,
1951-12-01,,26.47,3.1,
1952-01-01,,26.45,3.2,359.82
1952-02-01,,26.41,3.1,
1952-03-01,,26.39,2.9,
1952-04-01,,26.46,2.9,361.03
1952-05-01,,26.47,3.0,
1952-06-01,,26.53,3.0,
1952-07-01,,26.68,3.2,367.701
1952-08-01,,26.69,3.4,
1952-09-01,,26.63,3.1,
1952-10-01,,26.69,3.0,380.812
1952-11-01,,26.69,2.8,
1952-12-01,,26.71,2.7,
1953-01-01,,26.64,2.9,387.98
1953-02-01,,26.59,2.6,
1953-03-01,,26.63,2.6,
1953-04-01,,26.69,2.7,391.749
1953-05-01,,26.7,2.5,
1953-06-01,,26.77,2.5,
1953-07-01,,26.79,2.6,391.171
1953-08-01,,26.85,2.7,
1953-09-01,,26.89,2.9,
1953-10-01,,26.95,3.1,385.97
1953-11-01,,26.85,3.5,
1953-12-01,,26.87,4.5,
1954-01-01,,26.94,4.9,385.345
1954-02-01,,26.99,5.2,
1954-03-01,,26.93,5.7,
1954-04-01,,26.86,5.9,386.121
1954-05-01,,26.93,5.9,
1954-06-01,,26.94,5.6,
1954-07-01,0.8,26.86,5.8,390.996
1954-08-01,1.22,26.85,6.0,
1954-09-01,1.07,26.81,6.1,
1954-10-01,0.85,26.72,5.7,399.734
1954-11-01,0.83,26.78,5.3,
1954-12-01,1.28,26.77,5.0,
1955-01-01,1.39,26.77,4.9,413.073
1955-02-01,1.29,26.82,4.7,
1955-03-01,1.35,26.79,4.6,
1955-04-01,1.43,26.79,4.7,421.532
1955-05-01,1.43,26.77,4.3,
1955-06-01,1.64,26.71,4.2,
1955-07-01,1.68,26.76,4.0,430.221
1955-08-01,1.96,26.72,4.2,
1955-09-01,2.18,26.85,4.1,
1955-10-01,2.24,26.82,4.3,437.092
1955-11-01,2.35,26.88,4.2,
1955-12-01,2.48,26.87,4.2,
1956-01-01,2.45,26.83,4.0,439.746
1956-02-01,2.5,26.86,3.9,
1956-03-01,2.5,26.89,4.2,
1956-04-01,2.62,26.93,4.0,446.01
1956-05-01,2.75,27.03,4.3,
1956-06-01,2.71,27.15,4.3,
1956-07-01,2.75,27.29,4.4,451.191
1956-08-01,2.73,27.31,4.1,
1956-09-01,2.95,27.35,3.9,
1956-10-01,2.96,27.51,3.9,460.463
1956-11-01,2.88,27.51,4.3,
1956-12-01,2.94,27.63,4.2,
1957-01-01,2.84,27.67,4.2,469.779
1957-02-01,3.0,27.8,3.9,
1957-03-01,2.96,27.86,3.7,
1957-04-01,3.0,27.93,3.9,472.025
1957-05-01,3.0,28.0,4.1,
1957-06-01,3.0,28.11,4.3,
1957-07-01,2.99,28.19,4.2,479.49
1957-08-01,3.24,28.28,4.1,
1957-09-01,3.47,28.32,4.4,
1957-10-01,3.5,28.32,4.5,474.864
1957-11-01,3.28,28.41,5.1,
1957-12-01,2.98,28.47,5.2,
1958-01-01,2.72,28.64,5.8,467.54
1958-02-01,1.67,28.7,6.4,
1958-03-01,1.2,28.87,6.7,
1958-04-01,1.26,28.94,7.4,471.978
1958-05-01,0.63,28.94,7.4,
1958-06-01,0.93,28.91,7.3,
1958-07-01,0.68,28.89,7.5,485.841
1958-08-01,1.53,28.94,7.4,
1958-09-01,1.76,28.91,7.1,
1958-10-01,1.8,28.91,6.7,499.555
1958-11-01,2.27,28.95,6.2,
1958-12-01,2.42,28.97,6.2,
1959-01-01,2.48,29.01,6.0,510.33
1959-02-01,2.43,29.0,5.9,
1959-03-01,2.8,28.97,5.6,
1959-04-01,2.96,28.98,5.2,522.653
1959-05-01,2.9,29.04,5.1,
1959-06-01,3.39,29.11,5.0,
1959-07-01,3.47,29.15,5.1,525.034
1959-08-01,3.5,29.18,5.2,
1959-09-01,3.76,29.25,5.5,
1959-10-01,3.98,29.35,5.7,528.6
1959-11-01,4.0,29.35,5.8,
1959-12-01,3.99,29.41,5.3,
1960-01-01,3.99,29.37,5.2,542.648
1960-02-01,3.97,29.41,4.8,
1960-03-01,3.84,29.41,5.4,
1960-04-01,3.92,29.54,5.2,541.08
1960-05-01,3.85,29.57,5.1,
1960-06-01,3.32,29.61,5.4,
1960-07-01,3.23,29.55,5.5,545.604
1960-08-01,2.98,29.61,5.6,
1960-09-01,2.6,29.61,5.5,
1960-10-01,2.47,29.75,6.1,540.197
1960-11-01,2.44,29.78,6.1,
1960-12-01,1.98,29.81,6.6,
1961-01-01,1.45,29.84,6.6,545.018
1961-02-01,2.54,29.84,6.9,
1961-03-01,2.02,29.84,6.9,
1961-04-01,1.49,29.81,7.0,555.545
1961-05-01,1.98,29.84,7.1,
1961-06-01,1.73,29.84,6.9,
1961-07-01,1.17,29.92,7.0,567.664
1961-08-01,2.0,29.94,6.6,
1961-09-01,1.88,29.98,6.7,
1961-10-01,2.26,29.98,6.5,580.612
1961-11-01,2.61,29.98,6.1,
1961-12-01,2.33,30.01,6.0,
1962-01-01,2.15,30.04,5.8,594.013
1962-02-01,2.37,30.11,5.5,
1962-03-01,2.85,30.17,5.6,
1962-04-01,2.78,30.21,5.6,600.366
1962-05-01,2.36,30.24,5.5,
1962-06-01,2.68,30.21,5.5,
1962-07-01,2.71,30.22,5.4,609.027
1962-08-01,2.93,30.28,5.7,
1962-09-01,2.9,30.42,5.6,
1962-10-01,2.9,30.38,5.4,612.28
1962-11-01,2.94,30.38,5.7,
1962-12-01,2.93,30.38,5.5,
1963-01-01,2.92,30.44,5.7,621.672
1963-02-01,3.0,30.48,5.9,
1963-03-01,2.98,30.51,5.7,
1963-04-01,2.9,30.48,5.7,629.752
1963-05-01,3.0,30.51,5.9,
1963-06-01,2.99,30.61,5.6,
1963-07-01,3.02,30.69,5.6,644.444
1963-08-01,3.49,30.75,5.4,
1963-09-01,3.48,30.72,5.5,
1963-10-01,3.5,30.75,5.5,653.938
1963-11-01,3.48,30.78,5.7,
1963-12-01,3.38,30.88,5.5,
1964-01-01,3.48,30.94,5.6,669.822
1964-02-01,3.48,30.91,5.4,
1964-03-01,3.43,30.94,5.4,
1964-04-01,3.47,30.95,5.3,678.674
1964-05-01,3.5,30.98,5.1,
1964-06-01,3.5,31.01,5.2,
1964-07-01,3.42,31.02,4.9,692.031
1964-08-01,3.5,31.05,5.0,
1964-09-01,3.45,31.08,5.1,
1964-10-01,3.36,31.12,5.1,697.319
1964-11-01,3.52,31.21,4.8,
1964-12-01,3.85,31.25,5.0,
1965-01-01,3.9,31.28,4.9,717.79
1965-02-01,3.98,31.28,5.1,
1965-03-01,4.05,31.31,4.7,
1965-04-01,4.09,31.38,4.8,730.191
1965-05-01,4.1,31.48,4.6,
1965-06-01,4.05,31.61,4.6,
1965-07-01,4.09,31.58,4.4,749.323
1965-08-01,4.12,31.55,4.4,
1965-09-01,4.02,31.62,4.3,
1965-10-01,4.08,31.65,4.2,771.857
1965-11-01,4.1,31.75,4.1,
1965-12-01,4.32,31.85,4.0,
1966-01-01,4.42,31.88,4.0,795.734
1966-02-01,4.6,32.08,3.8,
1966-03-01,4.66,32.18,3.8,
1966-04-01,4.67,32.28,3.8,804.981
1966-05-01,4.9,32.35,3.9,
1966-06-01,5.17,32.38,3.8,
1966-07-01,5.3,32.45,3.8,819.638
1966-08-01,5.53,32.65,3.8,
1966-09-01,5.4,32.75,3.7,
1966-10-01,5.53,32.85,3.7,833.302
1966-11-01,5.76,32.88,3.6,
1966-12-01,5.4,32.92,3.8,
1967-01-01,4.94,32.9,3.9,844.17
1967-02-01,5.0,33.0,3.8,
1967-03-01,4.53,33.0,3.8,
1967-04-01,4.05,33.1,3.8,848.983
1967-05-01,3.94,33.1,3.8,
1967-06-01,3.98,33.3,3.9,
1967-07-01,3.79,33.4,3.8,865.233
1967-08-01,3.9,33.5,3.8,
1967-09-01,3.99,33.6,3.8,
1967-10-01,3.88,33.7,4.0,881.439
1967-11-01,4.13,33.9,3.9,
1967-12-01,4.51,34.0,3.8,
1968-01-01,4.61,34.1,3.7,909.387
1968-02-01,4.71,34.2,3.8,
1968-03-01,5.05,34.3,3.7,
1968-04-01,5.76,34.4,3.5,934.344
1968-05-01,6.12,34.5,3.5,
1968-06-01,6.07,34.7,3.7,
1968-07-01,6.03,34.9,3.7,950.825
1968-08-01,6.03,35.0,3.5,
1968-09-01,5.78,35.1,3.4,
1968-10-01,5.91,35.3,3.4,968.03
1968-11-01,5.82,35.4,3.4,
1968-12-01,6.02,35.6,3.4,
1969-01-01,6.3,35.7,3.4,993.337
1969-02-01,6.61,35.8,3.4,
1969-03-01,6.79,36.1,3.4,
1969-04-01,7.41,36.3,3.4,1009.02
1969-05-01,8.67,36.4,3.4,
1969-06-01,8.9,36.6,3.5,
1969-07-01,8.61,36.8,3.5,1029.956
1969-08-01,9.19,36.9,3.5,
1969-09-01,9.15,37.1,3.7,
1969-10-01,9.0,37.3,3.7,1038.147
1969-11-01,8.85,37.5,3.5,
1969-12-01,8.97,37.7,3.5,
1970-01-01,8.98,37.9,3.9,1051.2
1970-02-01,8.98,38.1,4.2,
1970-03-01,7.76,38.3,4.4,
1970-04-01,8.1,38.5,4.6,1067.375
1970-05-01,7.95,38.6,4.8,
1970-06-01,7.61,38.8,4.9,
1970-07-01,7.21,38.9,5.0,1086.059
1970-08-01,6.62,39.0,5.1,
1970-09-01,6.29,39.2,5.4,
1970-10-01,6.2,39.4,5.5,1088.608
1970-11-01,5.6,39.6,5.9,
1970-12-01,4.9,39.8,6.1,
1971-01-01,4.14,39.9,5.9,1135.156
1971-02-01,3.72,39.9,5.9,
1971-03-01,3.71,40.0,6.0,
1971-04-01,4.16,40.1,5.9,1156.271
1971-05-01,4.63,40.3,5.9,
1971-06-01,4.91,40.5,5.9,
1971-07-01,5.31,40.6,6.0,1177.675
1971-08-01,5.57,40.7,6.1,
1971-09-01,5.55,40.8,6.0,
1971-10-01,5.2,40.9,5.8,1190.297
1971-11-01,4.91,41.0,6.0,
1971-12-01,4.14,41.1,6.0,
1972-01-01,3.51,41.2,5.8,1230.609
1972-02-01,3.3,41.4,5.7,
1972-03-01,3.83,41.4,5.8,
1972-04-01,4.17,41.5,5.7,1266.369
1972-05-01,4.27,41.6,5.7,
1972-06-01,4.46,41.7,5.7,
1972-07-01,4.55,41.8,5.6,1290.566
1972-08-01,4.81,41.9,5.6,
1972-09-01,4.87,42.1,5.5,
1972-10-01,5.05,42.2,5.6,1328.904
1972-11-01,5.06,42.4,5.3,
1972-12-01,5.33,42.5,5.2,
1973-01-01,5.94,42.7,4.9,1377.49
1973-02-01,6.58,43.0,5.0,
1973-03-01,7.09,43.4,4.9,
1973-04-01,7.12,43.7,5.0,1413.887
1973-05-01,7.84,43.9,4.9,
1973-06-01,8.49,44.2,4.9,
1973-07-01,10.4,44.2,4.8,1433.838
1973-08-01,10.5,45.0,4.8,
1973-09-01,10.78,45.2,4.8,
1973-10-01,10.01,45.6,4.6,1476.289
1973-11-01,10.03,45.9,4.8,
1973-12-01,9.95,46.3,4.9,
1974-01-01,9.65,46.8,5.1,1491.209
1974-02-01,8.97,47.3,5.2,
1974-03-01,9.35,47.8,5.1,
1974-04-01,10.51,48.1,5.1,1530.056
1974-05-01,11.31,48.6,5.1,
1974-06-01,11.93,49.0,5.4,
1974-07-01,12.92,49.3,5.5,1560.026
1974-08-01,12.01,49.9,5.5,
1974-09-01,11.34,50.6,5.9,
1974-10-01,10.06,51.0,6.0,1599.679
1974-11-01,9.45,51.5,6.6,
1974-12-01,8.53,51.9,7.2,
1975-01-01,7.13,52.3,8.1,1616.116
1975-02-01,6.24,52.6,8.1,
1975-03-01,5.54,52.8,8.6,
1975-04-01,5.49,53.0,8.8,1651.853
1975-05-01,5.22,53.1,9.0,
1975-06-01,5.55,53.5,8.8,
1975-07-01,6.1,54.0,8.6,1709.82
1975-08-01,6.14,54.2,8.4,
1975-09-01,6.24,54.6,8.4,
1975-10-01,5.82,54.9,8.4,1761.831
1975-11-01,5.22,55.3,8.3,
1975-12-01,5.2,55.6,8.2,
1976-01-01,4.87,55.8,7.9,1820.487
1976-02-01,4.77,55.9,7.7,
1976-03-01,4.84,56.0,7.6,
1976-04-01,4.82,56.1,7.7,1852.332
1976-05-01,5.29,56.4,7.4,
1976-06-01,5.48,56.7,7.6,
1976-07-01,5.31,57.0,7.8,1886.558
1976-08-01,5.29,57.3,7.8,
1976-09-01,5.25,57.6,7.6,
1976-10-01,5.02,57.9,7.7,1934.273
1976-11-01,4.95,58.1,7.8,
1976-12-01,4.65,58.4,7.8,
1977-01-01,4.61,58.7,7.5,1988.648
1977-02-01,4.68,59.3,7.6,
1977-03-01,4.69,59.6,7.4,
1977-04-01,4.73,60.0,7.2,2055.909
1977-05-01,5.35,60.2,7.0,
1977-06-01,5.39,60.5,7.2,
1977-07-01,5.42,60.8,6.9,2118.473
1977-08-01,5.9,61.1,7.0,
1977-09-01,6.14,61.3,6.8,
1977-10-01,6.47,61.6,6.8,2164.27
1977-11-01,6.51,62.0,6.8,
1977-12-01,6.56,62.3,6.4,
1978-01-01,6.7,62.7,6.4,2202.76
1978-02-01,6.78,63.0,6.3,
1978-03-01,6.79,63.4,6.3,
1978-04-01,6.89,63.9,6.1,2331.633
1978-05-01,7.36,64.5,6.0,
1978-06-01,7.6,65.0,5.9,
1978-07-01,7.81,65.5,6.2,2395.053
1978-08-01,8.04,65.9,5.9,
1978-09-01,8.45,66.5,6.0,
1978-10-01,8.96,67.1,5.8,2476.949
1978-11-01,9.76,67.5,5.9,
1978-12-01,10.03,67.9,6.0,
1979-01-01,10.07,68.5,5.9,2526.61
1979-02-01,10.06,69.2,5.9,
1979-03-01,10.09,69.9,5.8,
1979-04-01,10.01,70.6,5.8,2591.247
1979-05-01,10.24,71.4,5.6,
1979-06-01,10.29,72.2,5.7,
1979-07-01,10.47,73.0,5.7,2667.565
1979-08-01,10.94,73.7,6.0,
1979-09-01,11.43,74.4,5.9,
1979-10-01,13.77,75.2,6.0,2723.883
1979-11-01,13.18,76.0,5.9,
1979-12-01,13.78,76.9,6.0,
1980-01-01,13.82,78.0,6.3,2789.842
1980-02-01,14.13,79.0,6.3,
1980-03-01,17.19,80.1,6.3,
1980-04-01,17.61,80.9,6.9,2797.352
1980-05-01,10.98,81.7,7.5,
1980-06-01,9.47,82.5,7.6,
1980-07-01,9.03,82.6,7.8,2856.483
1980-08-01,9.61,83.2,7.7,
1980-09-01,10.87,83.9,7.5,
1980-10-01,12.81,84.7,7.5,2985.557
1980-11-01,15.85,85.6,7.5,
1980-12-01,18.9,86.4,7.2,
1981-01-01,19.08,87.2,7.5,3124.206
1981-02-01,15.93,88.0,7.4,
1981-03-01,14.7,88.6,7.4,
1981-04-01,15.72,89.1,7.2,3162.532
1981-05-01,18.52,89.7,7.5,
1981-06-01,19.1,90.5,7.5,
1981-07-01,19.04,91.5,7.2,3260.609
1981-08-01,17.82,92.2,7.4,
1981-09-01,15.87,93.1,7.6,
1981-10-01,15.08,93.4,7.9,3280.818
1981-11-01,13.31,93.8,8.3,
1981-12-01,12.37,94.1,8.5,
1982-01-01,13.22,94.4,8.6,3274.302
1982-02-01,14.78,94.7,8.9,
1982-03-01,14.68,94.7,9.0,
1982-04-01,14.94,95.0,9.3,3331.972
1982-05-01,14.45,95.9,9.4,
1982-06-01,14.15,97.0,9.6,
1982-07-01,12.59,97.5,9.8,3366.322
1982-08-01,10.12,97.7,9.8,
1982-09-01,10.31,97.7,10.1,
1982-10-01,9.71,98.1,10.4,3402.561
1982-11-01,9.2,98.0,10.8,
1982-12-01,8.95,97.7,10.8,
1983-01-01,8.68,97.9,10.4,3473.413
1983-02-01,8.51,98.0,10.4,
1983-03-01,8.77,98.1,10.3,
1983-04-01,8.8,98.8,10.2,3578.848
1983-05-01,8.63,99.2,10.1,
1983-06-01,8.98,99.4,10.1,
1983-07-01,9.37,99.8,9.4,3689.179
1983-08-01,9.56,100.1,9.5,
1983-09-01,9.45,100.4,9.2,
1983-10-01,9.48,100.8,8.8,3794.706
1983-11-01,9.34,101.1,8.5,
1983-12-01,9.47,101.4,8.3,
1984-01-01,9.56,102.1,8.0,3908.054
1984-02-01,9.59,102.6,7.8,
1984-03-01,9.91,102.9,7.8,
1984-04-01,10.29,103.3,7.7,4009.601
1984-05-01,10.32,103.5,7.4,
1984-06-01,11.06,103.7,7.2,
1984-07-01,11.23,104.1,7.5,4084.25
1984-08-01,11.64,104.4,7.5,
1984-09-01,11.3,104.7,7.3,
1984-10-01,9.99,105.1,7.4,4148.551
1984-11-01,9.43,105.3,7.2,
1984-12-01,8.38,105.5,7.3,
1985-01-01,8.35,105.7,7.3,4230.168
1985-02-01,8.5,106.3,7.2,
1985-03-01,8.58,106.8,7.2,
1985-04-01,8.27,107.0,7.3,4294.887
1985-05-01,7.97,107.2,7.2,
1985-06-01,7.53,107.5,7.4,
1985-07-01,7.88,107.7,7.4,4386.773
1985-08-01,7.9,107.9,7.1,
1985-09-01,7.92,108.1,7.1,
1985-10-01,7.99,108.5,7.1,4444.094
1985-11-01,8.05,109.0,7.0,
1985-12-01,8.27,109.5,7.0,
1986-01-01,8.14,109.9,6.7,4507.894
1986-02-01,7.86,109.7,7.2,
1986-03-01,7.48,109.1,7.2,
1986-04-01,6.99,108.7,7.1,4545.34
1986-05-01,6.85,109.0,7.2,
1986-06-01,6.92,109.4,7.2,
1986-07-01,6.56,109.5,7.0,4607.669
1986-08-01,6.17,109.6,6.9,
1986-09-01,5.89,110.0,7.0,
1986-10-01,5.85,110.2,7.0,4657.627
1986-11-01,6.04,110.4,6.9,
1986-12-01,6.91,110.8,6.6,
1987-01-01,6.43,111.4,6.6,4722.156
1987-02-01,6.1,111.8,6.6,
1987-03-01,6.13,112.2,6.6,
1987-04-01,6.37,112.7,6.3,4806.16
1987-05-01,6.85,113.0,6.3,
1987-06-01,6.73,113.5,6.2,
1987-07-01,6.58,113.8,6.1,4884.555
1987-08-01,6.73,114.3,6.0,
1987-09-01,7.22,114.7,5.9,
1987-10-01,7.29,115.0,6.0,5007.994
1987-11-01,6.69,115.4,5.8,
1987-12-01,6.77,115.6,5.7,
1988-01-01,6.83,116.0,5.7,5073.372
1988-02-01,6.58,116.2,5.7,
1988-03-01,6.58,116.5,5.7,
1988-04-01,6.87,117.2,5.4,5190.036
1988-05-01,7.09,117.5,5.6,
1988-06-01,7.51,118.0,5.4,
1988-07-01,7.75,118.5,5.4,5282.835
1988-08-01,8.01,119.0,5.6,
1988-09-01,8.19,119.5,5.4,
1988-10-01,8.3,119.9,5.4,5399.509
1988-11-01,8.35,120.3,5.3,
1988-12-01,8.76,120.7,5.3,
1989-01-01,9.12,121.2,5.4,5511.253
1989-02-01,9.36,121.6,5.2,
1989-03-01,9.85,122.2,5.0,
1989-04-01,9.84,123.1,5.2,5612.463
1989-05-01,9.81,123.7,5.2,
1989-06-01,9.53,124.1,5.3,
1989-07-01,9.24,124.5,5.2,5695.365
1989-08-01,8.99,124.5,5.2,
1989-09-01,9.02,124.8,5.3,
1989-10-01,8.84,125.4,5.3,5747.237
1989-11-01,8.55,125.9,5.4,
1989-12-01,8.45,126.3,5.4,
1990-01-01,8.23,127.5,5.4,5872.701
1990-02-01,8.24,128.0,5.3,
1990-03-01,8.28,128.6,5.2,
1990-04-01,8.26,128.9,5.4,5960.028
1990-05-01,8.18,129.1,5.4,
1990-06-01,8.29,129.9,5.2,
1990-07-01,8.15,130.5,5.5,6015.116
1990-08-01,8.13,131.6,5.7,
1990-09-01,8.2,132.5,5.9,
1990-10-01,8.11,133.4,5.9,6004.733
1990-11-01,7.81,133.7,6.2,
1990-12-01,7.31,134.2,6.3,
1991-01-01,6.91,134.7,6.4,6035.178
1991-02-01,6.25,134.8,6.6,
1991-03-01,6.12,134.8,6.8,
1991-04-01,5.91,135.1,6.7,6126.862
1991-05-01,5.78,135.6,6.9,
1991-06-01,5.9,136.0,6.9,
1991-07-01,5.82,136.2,6.8,6205.937
1991-08-01,5.66,136.6,6.9,
1991-09-01,5.45,137.0,6.9,
1991-10-01,5.21,137.2,7.0,6264.54
1991-11-01,4.81,137.8,7.0,
1991-12-01,4.43,138.2,7.3,
1992-01-01,4.03,138.3,7.3,6363.102
1992-02-01,4.06,138.6,7.4,
1992-03-01,3.98,139.1,7.4,
1992-04-01,3.73,139.4,7.4,6470.763
1992-05-01,3.82,139.7,7.6,
1992-06-01,3.76,140.1,7.8,
1992-07-01,3.25,140.5,7.7,6566.641
1992-08-01,3.3,140.8,7.6,
1992-09-01,3.22,141.1,7.6,
1992-10-01,3.1,141.7,7.3,6680.803
1992-11-01,3.09,142.1,7.4,
1992-12-01,2.92,142.3,7.4,
1993-01-01,3.02,142.8,7.3,6729.459
1993-02-01,3.03,143.1,7.1,
1993-03-01,3.07,143.3,7.0,
1993-04-01,2.96,143.8,7.1,6808.939
1993-05-01,3.0,144.2,7.1,
1993-06-01,3.04,144.3,7.0,
1993-07-01,3.06,144.5,6.9,6882.098
1993-08-01,3.03,144.8,6.8,
1993-09-01,3.09,145.0,6.7,
1993-10-01,2.99,145.6,6.8,7013.738
1993-11-01,3.02,146.0,6.6,
1993-12-01,2.96,146.3,6.5,
1994-01-01,3.05,146.3,6.6,7115.652
1994-02-01,3.25,146.7,6.6,
1994-03-01,3.34,147.1,6.5,
1994-04-01,3.56,147.2,6.4,7246.931
1994-05-01,4.01,147.5,6.1,
1994-06-01,4.25,147.9,6.1,
1994-07-01,4.26,148.4,6.1,7331.075
1994-08-01,4.47,149.0,6.0,
1994-09-01,4.73,149.3,5.9,
1994-10-01,4.76,149.4,5.8,7455.288
1994-11-01,5.29,149.8,5.6,
1994-12-01,5.45,150.1,5.5,
1995-01-01,5.53,150.5,5.6,7522.289
1995-02-01,5.92,150.9,5.4,
1995-03-01,5.98,151.2,5.4,
1995-04-01,6.05,151.8,5.8,7580.997
1995-05-01,6.01,152.1,5.6,
1995-06-01,6.0,152.4,5.6,
1995-07-01,5.85,152.6,5.7,7683.125
1995-08-01,5.74,152.9,5.7,
1995-09-01,5.8,153.1,5.6,
1995-10-01,5.76,153.5,5.5,7772.586
1995-11-01,5.8,153.7,5.6,
1995-12-01,5.6,153.9,5.6,
1996-01-01,5.56,154.7,5.6,7868.468
1996-02-01,5.22,155.0,5.5,
1996-03-01,5.31,155.5,5.5,
1996-04-01,5.22,156.1,5.6,8032.84
1996-05-01,5.24,156.4,5.6,
1996-06-01,5.27,156.7,5.3,
1996-07-01,5.4,157.0,5.5,8131.408
1996-08-01,5.22,157.2,5.1,
1996-09-01,5.3,157.7,5.2,
1996-10-01,5.24,158.2,5.2,8259.771
1996-11-01,5.31,158.7,5.4,
1996-12-01,5.29,159.1,5.4,
1997-01-01,5.25,159.4,5.3,8362.655
1997-02-01,5.19,159.7,5.2,
1997-03-01,5.39,159.8,5.2,
1997-04-01,5.51,159.9,5.1,8518.825
1997-05-01,5.5,159.9,4.9,
1997-06-01,5.56,160.2,5.0,
1997-07-01,5.52,160.4,4.9,8662.823
1997-08-01,5.54,160.8,4.8,
1997-09-01,5.54,161.2,4.9,
1997-10-01,5.5,161.5,4.7,8765.907
1997-11-01,5.52,161.7,4.6,
1997-12-01,5.5,161.8,4.7,
1998-01-01,5.56,162.0,4.6,8866.48
1998-02-01,5.51,162.0,4.6,
1998-03-01,5.49,162.0,4.7,
1998-04-01,5.45,162.2,4.3,8969.699
1998-05-01,5.49,162.6,4.4,
1998-06-01,5.56,162.8,4.5,
1998-07-01,5.54,163.2,4.5,9121.097
1998-08-01,5.55,163.4,4.5,
1998-09-01,5.51,163.5,4.6,
1998-10-01,5.07,163.9,4.5,9293.991
1998-11-01,4.83,164.1,4.4,
1998-12-01,4.68,164.4,4.4,
1999-01-01,4.63,164.7,4.3,9411.682
1999-02-01,4.76,164.7,4.4,
1999-03-01,4.81,164.8,4.2,
1999-04-01,4.74,165.9,4.3,9526.21
1999-05-01,4.74,166.0,4.2,
1999-06-01,4.76,166.0,4.3,
1999-07-01,4.99,166.7,4.3,9686.626
1999-08-01,5.07,167.1,4.2,
1999-09-01,5.22,167.8,4.2,
1999-10-01,5.2,168.1,4.1,9900.169
1999-11-01,5.42,168.4,4.1,
1999-12-01,5.3,168.8,4.0,
2000-01-01,5.45,169.3,4.0,10002.179
2000-02-01,5.73,170.0,4.1,
2000-03-01,5.85,171.0,4.0,
2000-04-01,6.02,170.9,3.8,10247.72
2000-05-01,6.27,171.2,4.0,
2000-06-01,6.53,172.2,4.0,
2000-07-01,6.54,172.7,4.0,10318.165
2000-08-01,6.5,172.7,4.1,
2000-09-01,6.52,173.6,3.9,
2000-10-01,6.51,173.9,3.9,10435.744
2000-11-01,6.51,174.2,3.9,
2000-12-01,6.4,174.6,3.9,
2001-01-01,5.98,175.6,4.2,10470.231
2001-02-01,5.49,176.0,4.2,
2001-03-01,5.31,176.1,4.3,
2001-04-01,4.8,176.4,4.4,10599.0
2001-05-01,4.21,177.3,4.3,
2001-06-01,3.97,177.7,4.5,
2001-07-01,3.77,177.4,4.6,10598.02
2001-08-01,3.65,177.4,4.9,
2001-09-01,3.07,178.1,5.0,
2001-10-01,2.49,177.6,5.3,10660.465
2001-11-01,2.09,177.5,5.5,
2001-12-01,1.82,177.4,5.7,
2002-01-01,1.73,177.7,5.7,10783.5
2002-02-01,1.74,178.0,5.7,
2002-03-01,1.73,178.5,5.7,
2002-04-01,1.75,179.3,5.9,10887.46
2002-05-01,1.75,179.5,5.8,
2002-06-01,1.75,179.6,5.8,
2002-07-01,1.73,180.0,5.8,10984.04
2002-08-01,1.74,180.5,5.7,
2002-09-01,1.75,180.8,5.7,
2002-10-01,1.75,181.2,5.7,11061.433
2002-11-01,1.34,181.5,5.9,
2002-12-01,1.24,181.8,6.0,
2003-01-01,1.24,182.6,5.8,11174.129
2003-02-01,1.26,183.6,5.9,
2003-03-01,1.25,183.9,5.9,
2003-04-01,1.26,183.2,6.0,11312.766
2003-05-01,1.26,182.9,6.1,
2003-06-01,1.22,183.1,6.3,
2003-07-01,1.01,183.7,6.2,11566.669
2003-08-01,1.03,184.5,6.1,
2003-09-01,1.01,185.1,6.1,
2003-10-01,1.01,184.9,6.0,11772.234
2003-11-01,1.0,185.0,5.8,
2003-12-01,0.98,185.5,5.7,
2004-01-01,1.0,186.3,5.7,11923.447
2004-02-01,1.01,186.7,5.6,
2004-03-01,1.0,187.1,5.8,
2004-04-01,1.0,187.4,5.6,12112.815
2004-05-01,1.0,188.2,5.6,
2004-06-01,1.03,188.9,5.6,
2004-07-01,1.26,189.1,5.5,12305.307
2004-08-01,1.43,189.2,5.4,
2004-09-01,1.61,189.8,5.4,
2004-10-01,1.76,190.8,5.5,12527.214
2004-11-01,1.93,191.7,5.4,
2004-12-01,2.16,191.7,5.4,
2005-01-01,2.28,191.6,5.3,12767.286
2005-02-01,2.5,192.4,5.4,
2005-03-01,2.63,193.1,5.2,
2005-04-01,2.79,193.7,5.2,12922.656
2005-05-01,3.0,193.6,5.1,
2005-06-01,3.04,193.7,5.0,
2005-07-01,3.26,194.9,5.0,13142.642
2005-08-01,3.5,196.1,4.9,
2005-09-01,3.62,198.8,5.0,
2005-10-01,3.78,199.1,5.0,13324.204
2005-11-01,4.0,198.1,5.0,
2005-12-01,4.16,198.1,4.9,
2006-01-01,4.29,199.3,4.7,13599.16
2006-02-01,4.49,199.4,4.8,
2006-03-01,4.59,199.7,4.7,
2006-04-01,4.79,200.7,4.7,13753.424
2006-05-01,4.94,201.3,4.6,
2006-06-01,4.99,201.8,4.6,
2006-07-01,5.24,202.9,4.7,13870.188
2006-08-01,5.25,203.8,4.7,
2006-09-01,5.25,202.8,4.5,
2006-10-01,5.25,201.9,4.4,14039.56
2006-11-01,5.25,202.0,4.5,
2006-12-01,5.24,203.1,4.4,
2007-01-01,5.25,203.437,4.6,14215.651
2007-02-01,5.26,204.226,4.5,
2007-03-01,5.26,205.288,4.4,
2007-04-01,5.25,205.904,4.5,14402.082
2007-05-01,5.25,206.755,4.4,
2007-06-01,5.25,207.234,4.6,
2007-07-01,5.26,207.603,4.7,14564.117
2007-08-01,5.02,207.667,4.6,
2007-09-01,4.94,208.547,4.7,
2007-10-01,4.76,209.19,4.7,14715.058
2007-11-01,4.49,210.834,4.7,
2007-12-01,4.24,211.445,5.0,
2008-01-01,3.94,212.174,5.0,14706.538
2008-02-01,2.98,212.687,4.9,
2008-03-01,2.61,213.448,5.1,
2008-04-01,2.28,213.942,5.0,14865.701
2008-05-01,1.98,215.208,5.4,
2008-06-01,2.0,217.463,5.6,
2008-07-01,2.01,219.016,5.8,14898.999
2008-08-01,2.0,218.69,6.1,
2008-09-01,1.81,218.877,6.1,
2008-10-01,0.97,216.995,6.5,14608.209
2008-11-01,0.39,213.153,6.8,
2008-12-01,0.16,211.398,7.3,
2009-01-01,0.15,211.933,7.8,14430.902
2009-02-01,0.22,212.705,8.3,
2009-03-01,0.18,212.495,8.7,
2009-04-01,0.15,212.709,9.0,14381.236
2009-05-01,0.18,213.022,9.4,
2009-06-01,0.21,214.79,9.5,
2009-07-01,0.16,214.726,9.5,14448.882
2009-08-01,0.16,215.445,9.6,
2009-09-01,0.15,215.861,9.8,
2009-10-01,0.12,216.509,10.0,14651.249
2009-11-01,0.12,217.234,9.9,
2009-12-01,0.12,217.347,9.9,
2010-01-01,0.11,217.488,9.8,14764.61
2010-02-01,0.13,217.281,9.8,
2010-03-01,0.16,217.353,9.9,
2010-04-01,0.2,217.403,9.9,14980.193
2010-05-01,0.2,217.29,9.6,
2010-06-01,0.18,217.199,9.4,
2010-07-01,0.18,217.605,9.4,15141.607
2010-08-01,0.19,217.923,9.5,
2010-09-01,0.19,218.275,9.5,
2010-10-01,0.19,219.035,9.4,15309.474
2010-11-01,0.19,219.59,9.8,
2010-12-01,0.18,220.472,9.3,
2011-01-01,0.17,221.187,9.1,15351.448
2011-02-01,0.16,221.898,9.0,
2011-03-01,0.14,223.046,9.0,
2011-04-01,0.1,224.093,9.1,15557.539
2011-05-01,0.09,224.806,9.0,
2011-06-01,0.09,224.806,9.1,
2011-07-01,0.07,225.395,9.0,15647.68
2011-08-01,0.1,226.106,9.0,
2011-09-01,0.08,226.597,9.0,
2011-10-01,0.07,226.75,8.8,15842.259
2011-11-01,0.08,227.169,8.6,
2011-12-01,0.07,227.223,8.5,
2012-01-01,0.08,227.842,8.3,16068.805
2012-02-01,0.1,228.329,8.3,
2012-03-01,0.13,228.807,8.2,
2012-04-01,0.14,229.187,8.2,16207.115
2012-05-01,0.16,228.713,8.2,
2012-06-01,0.16,228.524,8.2,
2012-07-01,0.16,228.59,8.2,16319.541
2012-08-01,0.13,229.918,8.1,
2012-09-01,0.14,231.015,7.8,
2012-10-01,0.16,231.638,7.8,16420.419
2012-11-01,0.16,231.249,7.7,
2012-12-01,0.16,231.221,7.9,
2013-01-01,0.14,231.679,8.0,16648.189
2013-02-01,0.15,232.937,7.7,
2013-03-01,0.14,232.282,7.5,
2013-04-01,0.15,231.797,7.6,16728.687
2013-05-01,0.11,231.893,7.5,
2013-06-01,0.09,232.445,7.5,
2013-07-01,0.09,232.9,7.3,16953.838
2013-08-01,0.08,233.456,7.2,
2013-09-01,0.08,233.544,7.2,
2013-10-01,0.09,233.669,7.2,17192.019
2013-11-01,0.08,234.1,6.9,
2013-12-01,0.09,234.719,6.7,
2014-01-01,0.07,235.288,6.6,17197.738
2014-02-01,0.07,235.547,6.7,
2014-03-01,0.08,236.028,6.7,
2014-04-01,0.09,236.468,6.2,17518.508
2014-05-01,0.09,236.918,6.3,
2014-06-01,0.1,237.231,6.1,
2014-07-01,0.09,237.498,6.2,17804.228
2014-08-01,0.09,237.46,6.1,
2014-09-01,0.09,237.477,5.9,
2014-10-01,0.09,237.43,5.7,17912.079
2014-11-01,0.09,236.983,5.8,
2014-12-01,0.12,236.252,5.6,
2015-01-01,0.11,234.747,5.7,18063.529
2015-02-01,0.11,235.342,5.5,
2015-03-01,0.11,235.976,5.4,
2015-04-01,0.12,236.222,5.4,18279.784
2015-05-01,0.12,237.001,5.6,
2015-06-01,0.13,237.657,5.3,
2015-07-01,0.13,238.034,5.2,18401.626
2015-08-01,0.14,238.033,5.1,
2015-09-01,0.14,237.498,5.0,
2015-10-01,0.12,237.733,5.0,18435.137
2015-11-01,0.12,238.017,5.1,
2015-12-01,0.24,237.761,5.0,
2016-01-01,0.34,237.652,4.8,18525.933
2016-02-01,0.38,237.336,4.9,
2016-03-01,0.36,238.08,5.0,
2016-04-01,0.37,238.992,5.1,18711.702
2016-05-01,0.37,239.557,4.8,
2016-06-01,0.38,240.222,4.9,
2016-07-01,0.39,240.101,4.8,18892.639
2016-08-01,0.4,240.545,4.9,
2016-09-01,0.4,241.176,5.0,
2016-10-01,0.4,241.741,4.9,19089.379
2016-11-01,0.41,242.026,4.7,
2016-12-01,0.54,242.637,4.7,
2017-01-01,0.65,243.618,4.7,19280.084
2017-02-01,0.66,244.006,4.6,
2017-03-01,0.79,243.892,4.4,
2017-04-01,0.9,244.193,4.4,19438.643
2017-05-01,0.91,244.004,4.4,
2017-06-01,1.04,244.163,4.3,
2017-07-01,1.15,244.243,4.3,19692.595
2017-08-01,1.16,245.183,4.4,
2017-09-01,1.15,246.435,4.3,
2017-10-01,1.15,246.626,4.2,20037.088
2017-11-01,1.16,247.284,4.2,
2017-12-01,1.3,247.805,4.1,
2018-01-01,1.41,248.859,4.0,20328.553
2018-02-01,1.42,249.529,4.1,
2018-03-01,1.51,249.577,4.0,
2018-04-01,1.69,250.227,4.0,20580.912
2018-05-01,1.7,250.792,3.8,
2018-06-01,1.82,251.018,4.0,
2018-07-01,1.91,251.214,3.8,20798.73
2018-08-01,1.91,251.663,3.8,
2018-09-01,1.95,252.182,3.7,
2018-10-01,2.19,252.772,3.8,20917.867
2018-11-01,2.2,252.594,3.8,
2018-12-01,2.27,252.767,3.9,
2019-01-01,2.4,252.561,4.0,21111.6
2019-02-01,2.4,253.319,3.8,
2019-03-01,2.41,254.277,3.8,
2019-04-01,2.42,255.233,3.7,21397.938
2019-05-01,2.39,255.296,3.6,
2019-06-01,2.38,255.213,3.6,
2019-07-01,2.4,255.802,3.7,21717.171
2019-08-01,2.13,256.036,3.6,
2019-09-01,2.04,256.43,3.5,
2019-10-01,1.83,257.155,3.6,21933.217
2019-11-01,1.55,257.879,3.6,
2019-12-01,1.55,258.63,3.6,
2020-01-01,1.55,259.127,3.6,21727.657
2020-02-01,1.58,259.25,3.5,
2020-03-01,0.65,258.076,4.4,
2020-04-01,0.05,256.032,14.8,19935.444
2020-05-01,0.05,255.802,13.2,
2020-06-01,0.08,257.042,11.0,
2020-07-01,0.09,258.352,10.2,21684.551
2020-08-01,0.1,259.316,8.4,
2020-09-01,0.09,259.997,7.8,
2020-10-01,0.09,260.319,6.9,22068.767
2020-11-01,0.09,260.911,6.7,
2020-12-01,0.09,262.045,6.7,
2021-01-01,0.09,262.639,6.4,22656.793
2021-02-01,0.08,263.573,6.2,
2021-03-01,0.07,264.847,6.1,
2021-04-01,0.07,266.625,6.1,23368.861
2021-05-01,0.06,268.404,5.8,
2021-06-01,0.08,270.71,5.9,
2021-07-01,0.1,271.965,5.4,23921.991
2021-08-01,0.09,272.752,5.1,
2021-09-01,0.08,273.942,4.7,
2021-10-01,0.08,276.528,4.5,24777.038
2021-11-01,0.08,278.824,4.2,
2021-12-01,0.08,280.806,3.9,
2022-01-01,0.08,282.542,4.0,25215.491
2022-02-01,0.08,284.525,3.8,
2022-03-01,0.2,287.467,3.7,
2022-04-01,0.33,288.582,3.7,25805.791
2022-05-01,0.77,291.299,3.6,
2022-06-01,1.21,295.072,3.6,
2022-07-01,1.68,294.94,3.5,26272.011
2022-08-01,2.33,295.162,3.6,
2022-09-01,2.56,296.421,3.5,
2022-10-01,3.08,297.979,3.6,26734.277
2022-11-01,3.78,298.708,3.6,
2022-12-01,4.1,298.808,3.5,
2023-01-01,4.33,300.456,3.5,27164.359
2023-02-01,4.57,301.476,3.6,
2023-03-01,4.65,301.643,3.5,
2023-04-01,4.83,302.858,3.4,27453.815
2023-05-01,5.06,303.316,3.6,
2023-06-01,5.08,304.099,3.6,
2023-07-01,5.12,304.615,3.5,27967.697
2023-08-01,5.33,306.138,3.7,
2023-09-01,5.33,307.374,3.8,
2023-10-01,5.33,307.653,3.9,28296.967
2023-11-01,5.33,308.087,3.7,
2023-12-01,5.33,308.735,3.8,
2024-01-01,5.33,309.794,3.7,28624.069
2024-02-01,5.33,311.022,3.9,
2024-03-01,5.33,312.107,3.9,
2024-04-01,5.33,313.016,3.9,29016.714
2024-05-01,5.33,313.14,4.0,
2024-06-01,5.33,313.131,4.1,
2024-07-01,5.33,313.566,4.2,29374.914
2024-08-01,5.33,314.131,4.2,
2024-09-01,5.13,314.851,4.1,
2024-10-01,4.83,315.564,4.1,29723.864
2024-11-01,4.64,316.449,4.2,
2024-12-01,4.48,317.603,4.1,
2025-01-01,4.33,319.086,4.0,29976.638
2025-02-01,4.33,319.775,4.1,
2025-03-01,4.33,319.615,4.2,
2025-04-01,4.33,320.321,4.2,
2025-05-01,4.33,320.58,4.2,
